ig,name,tel,email,guest_num,checked
kingsonkt,LAU KA KI,65779621,tommysensation@gmail.com,1,false
Fung616,LEE WANG FUNG,51231336,Fung.616@gmail.com,1,false
tam_bosco,Tam Ming Chung,67377210,Boscotam0309@gmail.com,1,false
vvkkoko,Ko Bo Yee,68421131,veron.kobo@gmail.com,1,false
Sukidom Yan,Yuen Hoi Yan,67721380,am6asukiisme@yahoo.com.hk,1,false
Reeve_1236,Reeve Lam,90790979,Reevelam1236@gmail.com,1,false
felixdash,Lui Cho Fai,91261353,dash2059@gmail.com,1,false
chrisyeungkktt,yeung chun kit,64830276,chrisshawus@gmail.com,1,false
_chung_jai_,Ho Hin Chung,93138234,chungho129@yahoo.com.hk,1,false
kaakakaman,Cheung Ka Man,98291686,siuman1221@hotmail.com,1,false
uncle9_9suk,Tam Kwok Leung,91204416,abrezame20@gmail.com,1,false
_c._m._c._m._cty_,Chow Tsz Yeung,55118276,chowtszyeung025@gmail.com,1,false
shermaine.li,Shermaine Li,93595996,lcmon1994@gmail.com,1,false
nnathan_niels,PUN KWOK WAI,98360146,nathan0146@gmail.com,1,false
so._.gayy,Li King Yiu,97911383,yiulee01@gmail.com,1,false
Cs.csy,Cho Sum Yu,51660468,Chosumyu@gmail.com,1,false
lofungx,Lo Fung,90433797,lofungxx@yahoo.com.hk,1,false
siukchan,Chan Siu Ki,94655041,happy_cskbb@yahoo.com.hk,1,false
conniechiucoaching,Chiu Chi Wun,61594868,connie_wun@hotmail.com,1,false
Heianthony0704,Anthony,96333378,Fatanthonyfung0704@gmail.com,1,false
c.d062,Louis Li,63192829,petergood1314@gmail.com,1,false
kittyhk30,Kitty Ho,91011696,kitthk30@gmail.com,1,false
fung__1214,ho tsz fung,65055904,save12hkyouths@sudomail.com,1,false
felixtai1993,Felix Tai,67722585,Felixtai1993@gmail.com,1,false
_wtc_,Wong Tsz Ching,90138760,minniewong2002@gmail.com,1,false
Mayjer_pm,Wong Pui Mei,64390797,may2003150@gmail.com,1,false
bellaye21,Bella Ye,91471789,bellaye136@gmail.com,1,false
sin_simon,Sin Chi Wa,60225157,chiwasin@yahoo.com,1,false
alex.c_515,CHOI TING HEI,95429037,smookiekins515@gmail.com,1,false
tc_joshhh,Chiu Tsz Chung Joshua,91352587,joshuachiu2001@gmail.com,1,false
LWLok1120,Li Wai Lok,61687695,Liwailok961120@outlook.com,1,false
leo_pan2,PANG CHUN YIN,56699201,damncool83-hholy@yahoo.com.hk,1,false
jessica_wong_sm,Wong shuk man,63388356,hongkong61618@gmail.com,1,false
Waihovo,Cheng wai ho,63701627,Waiho214@hotmail.com,1,false
pansy__221,Fung Pui Yi Pansy,53403562,fungpuiyi221@gmail.com,1,false
f.k.hin,Fan Kai Hin,63417911,f.kaihin@gmail.com,1,false
kyc_1011,Ko Yu Chau ,54018716,kmw1113b07@gmail.com,1,false
richard_ccy,CHAN CHUN YIP,51781618,y6823716@gmail.com,1,false
karasyeung,Yeung Sui Kwan,96157388,karasyeung@gmail.com,1,false
mini.minnier_nty,Minnie Ng,62374552,minnieng64@gmail.com,1,false
irismnkei,Iris Mak,65757143,irismnk@gmail.com,1,false
mint.smoii,TWINKLE CHAN,94572726,twinkle.popovic@gmail.com,1,false
Kitson__leung,Leung chun kit,61360575,Kit5990724@gmail.com,1,false
dlderekhk,Lee Sin Fung,62997005,dereklee9995@gmail.com,1,false
Mum,,,,1,false
javenchung,Chung Hau Yin Javen,54050023,javen88chung@gmail.com,2,false
albertk_dy,Dy Albert Kelvin A,64391162,ak_15@hotmail.com.hk,2,false
wing_414,Po Wing Yan,69068680,wingyan414@hotmail.com,2,false
kccouple__ebp,Yim tsz kwan,62737167,tkyimyim1989@gmail.com,2,false
Future_kate_2.0 ,Tang Yuen Ting,62872578,Katetang0111@gmail.com,2,false
wayne__333,NG Yun Hon,62297965,ngyunhon0731@gmail.com,2,false
singingpoems,Wincy Wan,67095325,wincypig@gmail.com,2,false
hapopoapple,HA CHUI PING,96887945,hachuiping0131@hotmail.com,2,false
ccchhhhhhbbb,Chuang Chin Hong,63095995,chinhongc9@gmail.com,2,false
himhim_1104,Yip Tsz Him,93137600,himhim342000@hotmail.com,2,false
sambo___22,Yong Ki Nin,55008357,samplusyong@gmail.com,2,false
Andymyf,Lee Pak Kwan,62877576,andymyf@hotmail.com,2,false
cecilia.cl_,Lam Man Sze Cecilia,52232148,hkcecilialam@gmail.com,2,false
kanako.kc,Cheung Ka Lee Kelly,65835841,knk981215@gmail.com,2,false
Yinnc_1,Chloe Chan,66517690,chanchloe030110@gmail.com,2,false
clma_maggie,Maggie Ma,97620112,kikikiki11293@gmail.com,2,false
yyyyim,Yim Yuen Yan,62145521,yuenyanyimyyy@gmail.com,2,false
Siuwai.ctw,Chau Tsz Wai,67034074,tszwai073@gmail.com,2,false
kirksum,Sum Wai Laam,66251947,vincent02189@hotmail.com,2,false
hayley__kw,Ip Wing Kwan,91220281,isakwan0521@gmail.com,2,false
Jorikiu,Cheong Yin Kiu,67070830,j0ril0ve@hotmail.com,2,false
s2brat.sunnongs,Yoyo Lee,64366406,b612_@outlook.com,2,false
vanessa_cy11,LO Chun Yu,66823227,vanessacy11@gmail.com,2,false
lamkaman816,Lam Ka Man,69065384,bis22.carmenlam@gmail.com,2,false
ken_cky,Cheung Kam Yun,69930376,kamyun2014@gmail.com,2,false
k_hiulaam,Cheung yi chung,54921419,nelson.23.abc@gmail.com,2,false
hkgxet,TSE KA HO,64649598,caritashkget@gmail.com,2,false
_chy.chloe_,Chung Hang Yi,96736629,smallc.twinstar0114@gmail.com,2,false
Meimeimeimeimeimeimeimei ,Wong mei,55140347,Meimei990702@hotmail.com,2,false
erifretawriahtrae,Lin Wai Lee Amy,93086726,amylin0850@gmail.com,2,false
Bu.meiwai,Meiwai lam,68786391,Bluemeiwai@gmail.com,2,false
summiip,Ip Wing Sum,62722219,summiip@hotmail.com,2,false
nicccoleliu,Liu Chung Laam,93160845,nicoleliu625@yahoo.com.hk,2,false
nskmn9_,Ng Shuk Man,62235009,nsmsnsd@gmail.com,2,false
soul_ingarden,Wong Wing Yi,51289371,wongwingyi719@gmail.com,2,false
Laichunfung95,Lai chun fung,62087027,Laifung1995@hotmail.com,2,false
yogurt_0.46,Sara Yu,62114417,leehyukjaelovehae@gmail.com,2,false
hymuosvl,Wong Ho Yuen Jason,69226692,jasonwhy0844@yahoo.com.hk,2,false
tyr_zeta,POON NGAI TUNG,95835765,tyr.skyline@gmail.com,2,false
Kengankhang,NGAN Kin Hang,55001725,ngankinhang2@gmail.com,2,false
agnesanneyong,Tam hoi ting,91868811,agnestam2019@gmail.com,2,false
_maususie_,Mau Sin Yi,97353283,maumomo199489@gmail.com,2,false
hiuching1014,Cheang Hiu Ching,66031139,yoyoching913@gmail.com,2,false
halojini,Jini Siu,98070168,jinis00090@gmail.com,2,false
cheonglau414,Lau Chun Cheong ,63983922,vick.laucc@gmail.com,2,false
Arimeow,Ariel Choi,93711623,arimeow420@gmail.com ,2,false
akanishianna,Anna Lee,96286136,sumakanishihiro@gmail.com,2,false
cindy.funfun,Choy sin yi ,94521177,cindyc1177@yahoo.com.hk,2,false
Mic_michael,Ma yip keung,68283062,Micmiccooking@gmail.com,2,false
jason_hoyin,Chan Ho Yin,59327206,hoyin_chan@icloud.com,2,false
kennethkwwong,Kenneth Ka Wai WONG,61827007,Kennethkwwong@ymail.com,2,false
Winghuencircle,Cheng Wing Huen,60432570,bridgethuencheng1030@gmail.com,2,false
stella_426,Chan Yiu Chi,64376818,chanyiuchi426@gmail.com,2,false
lapp_0828,Fung Lam Lap,53738693,funglouis828@gmail.com,2,false
mike_ning0107,Yip Wai Chung,95359539,yipwaichungop@gmail.com,2,false
Stephen_skh,Sze Ka hei,97737597,stephenskh&hotmail.com,2,false
sophia_astro_rocky,Lee Sum Yuet,62036235,Sophia184a@gmail.com,2,false
alexkokoa,Ko Chi Kit Alex,61984916,alexko512@gmail.com,2,false
Kwuunn,Kwun,54862826,kwunwaifung@gmail.com,2,false
Carbon115,Carbon Yip,62839700,CarbonYip@gmail.com,2,false
kirokaming23333,wong ka ming,55603505,bravepenguin233@gmail.com,2,false
hitay_mpw,Ma Pui Wing,51087208,wing2123ma@yahoo.com.hk,2,false
_karliiiii_,Chan Sze Ying,65828503,karliiiii.61@gmail.com,2,false
hibye_haters,Tang Yuet Sze Macy,97300735,yuetszet@gmail.com,2,false
Ttiissu,Queenie Ng,64810462,Ntszkwan@gmail.com,2,false
emmmmlau,Emily Lau,66804916,emilylau0201@gmail.com,2,false
giiwxx,Gian Wong,64623991,beirawong@yahoo.com.hk,2,false
alfredchtam,Tam Ching Hay Alfred,91893505,alfred20120994@gmail.com,2,false
magchoiiiii ,Choi Pui Ki,96303670,winki.8861@gmail.com,2,false
Cowballyy,Lau Yuen Yee Cindy,61091144,Cindy00831@hotmail.com,2,false
pan622,Tse King Pan,62214470,Pantse622@gmail.com,2,false
Natalielsy666,Lo shuk yin,95297064,Rainbownatalie@gmail.com,2,false
angelakyu,Angela Hui,97151975,angela_hui33@yahoo.com.hk,2,false
irrlai,Irene Lai,66284211,irr.lai@outlook.com,2,false
lungwyava,Lung Wai Ying,55441018,lungwyss@gmail.com,2,false
sim51m_,Wan Tsz Yau,68886360,eugene.wty.bling@gmail.com,2,false
chloew_yiu,Chloe Wong,97703746,Tszyiu13@hotmail.com,2,false
alex_tsetolun,Tse To Lun ,53470547,alextsetolun@gmail.com,2,false
Bellanstellalou,Sun Sze Tung,98576678,begonias1214@gmail.com,2,false
hi_im.shady,Leung Tsz Ho,62108262,a233205@gmail.com,2,false
arlam720,Michael Lam,60805786,arlam720@gmail.com,2,false
llllllls_c,Cheung Lok Sang,53931314,loksang_cheung@yahoo.com.hk,2,false
wongggzi,wong,60904756,wkckenzo@gmail.com,2,false
A.s.h.l.e.y_tse,ashleyTse,90616749,Iristse1112@yahoo.com.hk,2,false
_rachel0207,Rachel Fong,64405363,sadness.fong98@gmail.com,2,false
phy.022,Mak hoi yan Phoebe ,66072186,phoebem0522@gmail.com,2,false
bspyau,YU SUI POR,96013480,bspyau@outlook.com,2,false
2man_ys,Wo yi man ,51343557,222manysss@gmail.com,2,false
kkkkkkitttty_lawww,Law Wan Shan ,66291233,kitty.6d@gmail.com,2,false
manho96,CHUI MAN HO,66536393,chuimanho96@hotmail.com,2,false
tammycwy,Chan Wing Yan,97753779,tammychan99@gmail.com,2,false
akkii__ki,FUNG KA KI,97905648,daumenra@gmail.com,2,false
Linglalinglala ,Elane chiu,97935374,vredlover@yahoo.com.hk,2,false
Allisonson_l,Lui angie,91421511,Angieluilui@gmail.com,2,false
_jessica.cck_,Chan Sze Ki,52380845,kitty10001230@yahoo.com.hk,2,false
Johnnywkin,Johnny Wong,51377836,johnnykin1370@gmail.com,2,false
doormy ,Lee Nga Chui,98701480,mandychui318@gmail.com,2,false
brookiee.li__,Brooke,54071869,brookieli0613@gmail.com,2,false
syyxd,SZE YING YI,94254217,szeyingyi@gmail.com,2,false
immavis.y,Lai Wing Yuen,51062299,jada20051@hotmail.com,2,false
joannabanananana,Chung Yan Joanne Tse,98540898,joannetsecy@gmail.com,2,false
daizylht ,LEUNG HIU TUNG,68420872,daizyzva@gmail.com,2,false
moonbapig_bread,Chung Kei Yi,52857715,cholebread4949@gmail.com,2,false
cheukmiing,Hung Cheuk Ming,69772225,cheukmiing@gmail.com,2,false
bily_1120,TAM TSZ HIN,90862603,tamtszhin19981120@gmail.com,2,false
tmyyyy__,Tsang Man Yan,97183490,tmy1104tmy@gmail.com,2,false
_asyinn,Leung Wai Yin,56155432,angusleung23@gmail.com,2,false
Avis,,,,2,false
lewischoy831,Choy Lewis,67982623,choylewis@hotmail.com,3,false
gordon_hwl,Gordon Hui,94400125,gordonhuiwl@gmail.com,3,false
lamgg9588,Chan ka hon,98048016,lamgg9588@gmail.com,3,false
Hiutantannn,Ng Hiu Tan,69019381,nghiutan_kiki@yahoo.com.hk,3,false
gordonhhc,Cheung Ho Hang,65705100,gordonhhc@gmail.com,3,false
_snowyowl__,Lau Cheuk Ying ,97307909,meowkypeach@gmail.com,3,false
im.t_s,Sze Pak Wang,55187135,terencesze2002@gmail.com,3,false
lk_waiiiiii,Lai Ka Wai,68234762,68234762az@gmail.com,3,false
Wingchanouo,Chan Ka Wing,69051856,Kawing0423@gmail.com,3,false
ckk225403,Ken choi,+852 44108709,ckk1311@gmail.com,4,false
kaminlam,Angela lam,60220803,kaminlam@yahoo.com.hk,4,false
wyyellis,Wai Yuen yi,67343852,waiyuenyi@gmail.com,4,false